-- MySQL dump 10.13  Distrib 5.7.22, for macos10.13 (x86_64)
--
-- Host: localhost    Database: anime_review
-- ------------------------------------------------------
-- Server version	5.7.22

/*!40101 SET @OLD_CHARACTER_SET_CLIENT=@@CHARACTER_SET_CLIENT */;
/*!40101 SET @OLD_CHARACTER_SET_RESULTS=@@CHARACTER_SET_RESULTS */;
/*!40101 SET @OLD_COLLATION_CONNECTION=@@COLLATION_CONNECTION */;
/*!40101 SET NAMES utf8 */;
/*!40103 SET @OLD_TIME_ZONE=@@TIME_ZONE */;
/*!40103 SET TIME_ZONE='+00:00' */;
/*!40014 SET @OLD_UNIQUE_CHECKS=@@UNIQUE_CHECKS, UNIQUE_CHECKS=0 */;
/*!40014 SET @OLD_FOREIGN_KEY_CHECKS=@@FOREIGN_KEY_CHECKS, FOREIGN_KEY_CHECKS=0 */;
/*!40101 SET @OLD_SQL_MODE=@@SQL_MODE, SQL_MODE='NO_AUTO_VALUE_ON_ZERO' */;
/*!40111 SET @OLD_SQL_NOTES=@@SQL_NOTES, SQL_NOTES=0 */;

--
-- Table structure for table `animelist`
--

DROP TABLE IF EXISTS `animelist`;
/*!40101 SET @saved_cs_client     = @@character_set_client */;
/*!40101 SET character_set_client = utf8 */;
CREATE TABLE `animelist` (
  `id` int(11) NOT NULL AUTO_INCREMENT,
  `cast` longtext NOT NULL,
  `company` varchar(255) NOT NULL,
  `music` longtext NOT NULL,
  `staff` longtext NOT NULL,
  `summary` longtext NOT NULL,
  `title` varchar(255) NOT NULL,
  `category_id` int(11) NOT NULL,
  `genre_id` int(11) NOT NULL,
  PRIMARY KEY (`id`),
  KEY `FKd30488ltekey6pteg5665ci9` (`category_id`),
  KEY `FKjy7m0bn5xrclkbjxhk5ig7qdo` (`genre_id`)
) ENGINE=MyISAM AUTO_INCREMENT=60 DEFAULT CHARSET=utf8;
/*!40101 SET character_set_client = @saved_cs_client */;

--
-- Dumping data for table `animelist`
--

LOCK TABLES `animelist` WRITE;
/*!40000 ALTER TABLE `animelist` DISABLE KEYS */;
INSERT INTO `animelist` VALUES (1,'大橋彩香、福原綾香、原紗友里、木村珠莉、黒沢ともよ、上坂すみれ、三宅麻理恵、田辺留依、種﨑敦美、藍原ことみ、久野美咲、春野ななみ、のぐちゆり、山下七海、大空直美、中島由貴、和氣あず未、長島光那、松井恵理子、東山奈央、内田真礼、武田羅梨沙多胡、安野希世乃、竹達彩奈、立花理香、津田美波、M・A・O、牧野由依、照井春佳、今井麻夏、花守ゆみり、都丸ちよ、ルゥ・ティン、佳村はるか、山本希望、桜咲千依、会沢紗弥、佐藤利奈、早見沙織、金子有希、青木瑠璃子、佐藤亜美菜、新田ひより、原田ひとみ、下地紫野、伊達朱里紗、洲崎綾、青木志貴、田澤茉純、朝井彩加、飯田友子、赤﨑千夏、杜野まこ、金子真由美、鈴木みのり、五十嵐裕美、渕上舞、松田颯水、鈴木絵理、高森奈津美、千菅春香、藤田茜、原田彩楓、大坪由佳、髙野麻美、原優子、藤本彩花、花井美春、高橋花林、松嵜麗、村中知、小市眞琴、高田憂希、春瀬なつみ、嘉山未紗','ギャザリング','ED:「いとしーさー♥」（Web第27話、第28話 -）\r\n作詞 - fumi / 作曲・編曲 - 田中秀和（MONACA） / 歌 - 輿水幸子（竹達彩奈）、多田李衣菜（青木瑠璃子）、藤原肇（鈴木みのり）、水本ゆかり（藤田茜）、森久保乃々（高橋花林）','監督・脚本：まんきゅう、キャラクターデザイン：高津智子、音響監督：藤田亜紀子、音響制作：ハーフHPスタジオ、音楽：日本コロムビア','配信中のアイドルプロデュースゲーム「アイドルマスター シンデレラガールズ」。 そのゲーム内で展開されている「シンデレラガールズ劇場」が、TVアニメーションとして新たに登場。 普段は描かれることがないようなアイドル達の休日の過ごし方や、アイドル同士のコミカル劇など多彩にお送りするハイテンションショートアニメ。','アイドルマスター シンデレラガールズ劇場(第3期)',3,12),(2,'田村ゆかり、阿澄佳奈、山村響、鈴木達央、佐藤利奈、茂木たかまさ、中島唯、高柳知葉、田中貴子','feel.','オープニングテーマ「永遠のひとつ」（第1話 - ）[11]\r\n作詞 - 松井五郎 / 作曲・編曲 - 白戸佑輔 / 歌 - 田村ゆかり\r\n第1話ではエンディング位置で使用。\r\nエンディングテーマ「Eternal Star」（第2話 - ）[12]\r\n作詞・作曲 - Haggy Rock / 編曲 - 悠木真一 / 歌 - 亜咲花','監督：川口敬一郎、助監督：池端隆史、シリーズ構成：荒川稔久、SF設定：堺三保、脚本：荒川稔久/堺三保/あみやまさはる、キャラクターデザイン・総作画監督：川村幸祐、小物設定：立田眞一/藤井結、メカ設定：常木志伸、キーアニメーター：高原修司/清水直樹、美術監督：一色美緒、美術設定：池田祐二、背景：スタジオワイエス、色彩設計：田川沙里、撮影監督：中村雄太、編集：丸山流美、音響監督：森下広人、音響制作：スタジオマウス、音楽：立山秋航、音楽制作：MAGES.','開始時期：2018年夏放送日：2018年7月1日～\r\n制作会社：feel. ジャンル：恋愛・ラブストーリー\r\n声優： 田村ゆかり、阿澄佳奈、山村響、鈴木達央、佐藤利奈、茂木たかまさ、中島唯、高柳知葉、田中貴子\r\nスタッフ： 監督：川口敬一郎、助監督：池端隆史、シリーズ構成：…すべて表示\r\n本土から遠くはなれた海に浮かぶ「浦島」 そこは楽園と見まごう豊かな自然と、 複雑な過去と因習に囚われた人々が息づく島だった。 本土から見放され、忘れ去られつつこの地で 半ば諦めを懐きながら生きる島の住人。 そんな島に「タイムトラベラー」を自称するひとりの青年が流れ着く。 「せつな」という名前と「ある使命」以外の記憶を失っていたその青年は、 凛音、夏蓮、紗羅という3人の少女たちと出会い、 やがて島の未来を変えるべく奔走をはじめる。 排他的な因習と数々の謎を秘めた浦島をめぐる 青年と少女たちの物語がひも解かれる。','ISLAND(アイランド)',3,5),(3,'芝崎典子、松井恵理子、高木渉、安元洋貴、井上喜久子、M・A・O、水野理紗、内田彩','スタジオディーン','オープニングテーマ「prima dynamis」(プリマ デュナミス)\r\n作詞 - 華憐 / 作曲 - Gaku / 編曲 - Gaku、Denkare / 歌 - 電気式華憐音楽集団\r\nエンディングテーマ「ツギハギ」\r\n作詞 - ハラユカ。 / 作曲・編曲 - シバサキユウキ / 歌 - 芝崎典子\r\n','監督：ボブ白旗、キャラクターデザイン・総作画監督：河南正昭、シリーズ構成：加藤結子、プロップデザイン：あおきまほ、美術監督：三宅昌和、色彩設計：桂木今里、撮影監督：川口正幸、編集：内田恵、音響監督：郷田ほづみ、音楽：シバサキユウキ、総企画：邹正宇、企画：熊猫盖饭、総エグゼクティプロデューサー：李筱婷、エグゼクティプロデューサー：ASKASK/沉默的章鱼/水獭、プロデューサー：宮本逸雄、アニメーションプロデューサー：大野雅義','平凡な少女、愛はどこにでもいるダンサーで ある。親友である町とのダンサーとしての才能を見せつけられ落ち込む日々であったが、 ある時彼女の才能の「秘密」を知ってしまう。 それは、邪な術方により掌サイズまでされた 天才たち「悪偶」の存在である。 悪偶を持っているものは誰でも天才になれる のだ。 悪偶を作る「裁縫師」となってしまった町を 救うべく、愛は裁縫師と代々対立してきた 「救済者」となる。','悪偶 -天才人形-',5,1),(4,'木野日菜、長江里加、小原好美、置鮎龍太郎、井上ほの花、金澤まい、戸田めぐみ、悠木碧、前川涼子、増谷康紀、斎賀みつき、筆村栄心、伊沢磨紀','ラルケ','オープニングテーマ「スリピス」[16]\r\n作詞・作曲・編曲 - タナカ零 / 歌 - 本田華子（木野日菜）、オリヴィア（長江里加）、野村香純（小原好美）\r\nエンディングテーマ「インキャインパルス」[16]\r\n作詞 - ミズノゲンキ / 作曲・編曲 - 睦月周平 / 歌 - 本田華子（木野日菜）、オリヴィア（長江里加）、野村香純（小原好美）feat. Ikepy & KSKN','監督：岸誠二、副監督：木野目優、シリーズ構成：柿原優子、キャラクターデザイン：黒澤桂子、美術：草薙、編集：森田編集室、音響監督：飯田里樹、音楽：甲田雅人、アニメーションプロデューサー：比嘉勇二','日本生まれ日本育ちでまったく英語ができない金髪の美少女・オリヴィア、真面目で知的な雰囲気を漂わせながら英語がまったくできないショートカットの眼鏡っ娘・香純、そして明るいけれど、リア充になれないおさげ髪の少女・華子、３人の女子中学生が作ったのは「遊び人研究会」！？ 最高に可愛くて最高に楽しい抱腹絶倒のJCガールズコメディが今、幕を開ける！','あそびあそばせ',1,4),(5,'中村悠一、雨宮天、小野賢章、花江夏樹','イマジニア / ファンワークス','オープニング「Let Him Go!」\r\n作詞 - 贾甲 / 作曲・編曲 - 郭川 / 歌 - 佑可猫\r\n日中同曲を使用。\r\n各話リスト','監督：ラレコ、脚本：ラレコ、プロデュース：Tencent Penguin Pictures','学園ライフをコミカルに描き、中国では累計約30億回の再生回数を誇る人気WEB漫画「快把我哥帯走」が原作。1期は、2017年春より日中両国で放送・配信。第1期と同様、イマジニアが、アニメーション制作、及び、日本でのTV放送までのコーディネート業務を担当。アニメーション制作は「アキンド星のリトル・ペソ」（プロデュース イマジニア株式会社）「がんばれ!ルルロロ」等のファンワークスが共に進行しております。脚本、監督は「やわらか戦車」、「英国一家、日本を食べる」、現在「アグレッシブ烈子」がNetflixで配信され海外を中心に話題沸騰中のラレコが担当。ファンワークスがアニメーション制作を担当する。2018年7月より放送・配信。','兄に付ける薬はない！2-快把我哥帯走2-',1,4),(6,'小野友樹、Lynn、小山力也、乃村健次、斎藤志郎、堀江瞬、竹内良太、小林裕介、浜田賢二、柴田秀勝、鈴木達央、立花慎之介、小野賢章、ボルケーノ太田、小松未可子、米山明日美、原奈津子、子安武人、利根健太朗、松山鷹志','NAZ','オープニングテーマ「Braver」[5]\r\n作詞・作曲 - ホリエアツシ / 編曲・歌 - ストレイテナー\r\nエンディングテーマ「Upside Down」[5]\r\n作詞・作曲 - 井上竜馬 / 編曲・歌 - SHE\'S\r\n','監督：栗山貴行、助監督：羽原久美子、シリーズ構成：ヤスカワショウゴ、キャラクターデザイン・総作画監督：小峰正頼、音楽：片山修志、音響監督：小泉紀介、音響効果：今野康之、音響制作：ビットプロモーション','恐怖の大王は海からやって来た！ 中世日本を揺るがす大事件「元寇」を 斬新な視点で描く、本格歴史大河ロマン！ 罪人として対馬に送られた 鎌倉武士・朽井迅三郎は、 この島で蒙古軍と刃を交える事に！','アンゴルモア 元寇合戦記',3,9),(7,' 水中雅章、芹澤優、和氣あず未、原由実、大久保瑠美、加藤英美里、種﨑敦美、森嶋優花、千本木彩花、置鮎龍太郎、石田彰、大塚明夫\r\n','亜細亜堂','オープニングテーマ「DeCIDE」[9]\r\n作詞 - 唐沢美帆 / 作曲・編曲 - 加藤裕介 / 歌 - SUMMONERS 2+（芹澤優、和氣あず未、原由実、大久保瑠美、加藤英美里）\r\nエンディングテーマ「最悪な日でもあなたが好き。」[36]\r\n作詞・作曲・編曲 - HoneyWorks / 歌 - 芹澤優','監督：村野佑太、シリーズ構成：筆安一幸、キャラクターデザイン：金子志津枝、総作画監督：西岡夕樹、モンスターデザイン・アクション作画監督：宮本雄岐、色彩設計：大塚奈津子、美術：草薙、撮影：旭プロダクション白石スタジオ、撮影監督：佐藤哲平、音響制作：ハーフ HPスタジオ、音響監督：本山哲','MMORPGクロスレヴェリにおいて坂本拓真は、他プレイヤーから『魔王』と呼ばれるほど圧倒的な強さを誇っていた。ある日、彼はゲーム内の姿で異世界へと召喚されてしまう。そこには「私こそが召喚主」と言い張る少女が2人いた。拓真は彼女たちから召喚獣用の奴隷化魔術をかけられる――　しかし固有能力《魔術反射》発動！奴隷と化したのは少女たちで……!?　魔王（演技）が絶対的な強さで突き進む異世界冒険譚、開幕！','異世界魔王と召喚少女の奴隷魔術',3,1),(8,'新田恵海、降幡愛','株式会社エムツージーピー','空白','原作：たかむらすずな(「いたちーずワンダーランド」)','空白','オコジョとヤマネ',4,6),(9,'空白','空白','空白','空白','空白','おしえて魔法のペンデュラム～リルリルフェアリル～',3,14),(10,' 深川芹亜、高橋花林、岡咲美保、大野柚布子、島袋美由利、江口菜子、Lynn、小倉唯、上坂すみれ、沼倉愛美、瀬戸麻沙美、渕上舞、平川大輔、松田健一郎、柚木涼香','スタジオディーン','オープニングテーマ「永遠少年」（第1話 - ）\r\n作詞 - 磯谷佳江 / 作曲 - 小野貴光 / 編曲 - 玉木千尋 / 歌 - 小倉唯\r\n第1話では本編後にオープニングが挿入された。\r\nエンディングテーマ\r\n「シャイニング・ピース」（第1話、第2話、第4話）\r\n作詞 - 磯谷佳江 / 作曲 - 小野貴光 / 編曲 - 玉木千尋 / 歌 - 音楽少女\r\n第1話では挿入歌として使用された。\r\n「お願いマーガレット」（第3話）\r\n作詞・作曲 - YUXSE / 編曲 - お湯たま / 歌 - 音楽少女\r\n第3話では挿入歌としても使用された。','監督：西本由紀夫、シリーズ構成・脚本：赤尾でこ、キャラクターデザイン：小松桃花、音楽制作：キングレコード','『PINE RECORDS(パインレコード)』（通称：パイレコ）に所属している千歳ハル、熊谷絵里、竜王更紗、迎桐、迎羽織、箕作沙々芽、西尾未来、雪野日陽、具志堅シュープ、金時琴子、諸岡ろろの11人は『音楽少女』という名前のアイドルユニットのメンバー。しかし『音楽少女』は全く売れていないC級アイドル。鳴かず飛ばず＆赤字を生み出すだけの『音楽少女』だが、プロデューサー池橋とメンバーは必死に頑張っていた。『音楽少女』には新メンバーが必要だと考える池橋。成功をつかむための起爆剤となるようなアイドルが！ということで、オーディションに明け暮れていた。そんなある日、『音楽少女』と主人公・はなこが出会って・・・。\r\n\r\n','音楽少女',3,14),(11,'杉山紀彰、鈴木達央、釘宮理恵、沢城みゆき、大谷育江、ロア健治','震雷 / BLADE','空白','監督：アミノテツロ、副監督：王筠婷、エグゼクティブプロデューサー：丁磊、企画：金韜、プロデューサー：賈海漠、ディレクター：張鵬、演出：武市直子、脚本：蘆靜/張鵬/梁艷淩、キャラクターデザイン：王筠婷、サブキャラクターデザイン：鈴木奈都子、色彩設計：有尾由紀子、美術設定：王妍/關秋瑩、アソシエイトプロデューサー：孫猛/陸星程、アシスタントプロデューサー：関家一樹、アニメーションプロデューサー：吉田昇央/陸星程','空白','陰陽師・平安物語',3,1),(12,' 日野聡、原由実、上坂すみれ、加藤英美里、内山夕実、加藤将之、三宅健太、千葉繁、東山奈央、五十嵐裕美、小松未可子、沼倉愛美、瀬戸麻沙美、佐倉綾音、真堂圭、東地宏樹、楠見尚己、雨宮天、石井康嗣、安野希世乃、逢坂良太、白熊寛嗣、遊佐浩二、小清水亜美、斉藤貴美子、花守ゆみり、石上静香、富田美憂、嶋村侑、櫻井孝宏、土師孝也','マッドハウス','オープニングテーマ「VORACITY」（第1話 - ）\r\n作詞・作曲・編曲・歌 - MYTH & ROID\r\nエンディングテーマ「Silent Solitude」（第1話 - ）\r\n作詞 - hotaru / 作曲 - Tom-H@ck / 編曲 - KanadeYUK / 歌 - OxT\r\n','監督：伊藤尚往、シリーズ構成・脚本：菅原雪絵、キャラクターデザイン：田﨑聡/吉松孝博、サブキャラクターデザイン・モンスターデザイン・プロップデザイン：今村大樹/杉浦幸次/出雲重機/鈴木政彦/高橋瑞香/前原桃子/長澤礼子、美術監督：池田繁美/丸山由紀子、美術設定：友野加世子/大久保修一、色彩設計：堀川佳典、3D監督：田中康隆、撮影監督：継岡夢月、編集：塚常真理子、音響監督：郷文裕貴、音響制作：grooove、音楽：片山修志、音楽制作：KADOKAWA','TVアニメ第1期が2015年7月～9月に放送された第1期が「最凶ダークファンタジー」の名にふさわしい圧倒的なスケール感と、クオリティの高い映像に多くのファンを魅了、2017年には劇場版総集編（前編・後編）が公開。TVアニメ第2期「オーバーロードII」が2018年1月～4月にかけて放送された。「オーバーロードIII」は7月より放送開始。','オーバーロードIII',3,1),(13,'空白','helo,inc.','【ED】カエル王子といもむしヘンリー「流されて 流されて」','監督：日野トミー、音楽制作：G-angle/helo music creative','空白','カエル王子といもむしヘンリー',3,6),(14,'富田美憂、石川界人、木村良平、遊佐浩二、小林沙苗、小山力也、上田燿司、木下鈴奈、堀江由衣\r\n','セブン','【OP】A応P「恋に咲く謎、はらはらと」','監督：佐々木勅嘉、シリーズ構成：山下憲一、キャラクターデザイン・総作画監督：伊藤陽祐','京都の寺町三条商店街にポツリとたたずむ、骨董品店『蔵』。女子高生の真城葵はひょんなことから『蔵』の店主の息子、家頭清貴と知り合い、アルバイトを始める。清貴は、物腰は柔らかいが恐ろしく勘が鋭く『寺町のホームズ』と呼ばれていた。葵は清貴とともに、客から持ち込まれる骨董品にまつわる様々な依頼を受けていく。','京都寺町三条のホームズ',5,8),(15,'杉田智和、阪口大助、釘宮理恵、高橋美佳子\r\n','原作：空知英秋(集英社「週刊少年ジャンプ」連載)','【OP】SPYAIR「I Wanna Be... 」\r\n【ED】CHiCO with HoneyWorks「ヒカリ証明論」','監修：藤田陽一、監督：宮脇千鶴、キャラクターデザイン・総作画監督：竹内進二、デザインワークス：中村ユミ、美術監督：間庭奈美/福島孝喜、色彩設計：歌川律子、撮影監督：寺本友紀、CG監督：鈴木知美、編集：白石あかね、音楽：Audio Highs、音響監修：小林克良、音響監督：高松信司\r\n','空白','銀魂～銀ノ魂篇',1,4),(16,'内田雄馬、木村良平、安元洋貴、小西克幸、安済知佳、内田真礼、行成とあ、阿澄佳奈','ゼロジー','【OP】湘南乃風「Grand Blue」\r\n【ED】伊豆乃風「紺碧のアル・フィーネ」\r\n','監督：高松信司、脚本・音響監督：高松信司、キャラクターデザイン：草間英興、総作画監督：植田羊一、美術監督：秋葉みのる、プロップデザイン：小川浩、色彩設計：松山愛子、撮影監督：今泉秀樹、編集：宇都宮正記、音響制作：セイバーリンクス、音楽：マニュアル・オブ・エラーズ','北原伊織は大学進学を機に、伊豆にある叔父のダイビングショップ「グランブルー」へ居候することになった。 聞こえてくる潮騒、照り付ける太陽、一緒に暮らすことになるかわいい従姉妹… 青春のキャンパスライフ！ そんな伊織を待ち受けていたのは――野球拳以外のジャンケンを知らない屈強な男どもだった!! 入学早々大学のダイビングサークル「Peek a Boo（ピーカブー）」に目をつけられてしまった伊織は、会長の時田信治と、三年生の寿竜次郎に唆され、いつの間にかサークルの一員としてバカ騒ぎに加わることとなる。 大学で知り合った、イケメンだが残念なオタク・今村耕平も加わり、彼らの青春はどんどんおかしな方向へと転がっていく。 居候先にはかわいい従姉妹である古手川姉妹がいるのに、 妹の千紗には汚物扱いされるし、姉の奈々華は重度のシスコンで相手にされず。 愛すべき全裸野郎どもに囲まれた伊織の大学生活、一体どうなってしまうのか……。','ぐらんぶる',3,7),(17,' 神谷浩史、斎藤千和、堀江由衣、加藤英美里、沢城みゆき、花澤香菜、喜多村英梨、井口裕香、水橋かおり、坂本真綾、早見沙織、白石涼子、ゆきのさつき','シャフト','【ED】TrySail「whiz」','総監督：新房昭之、監督：板村智幸、シリーズ構成：東富耶子/新房昭之、キャラクターデザイン・総作画監督：渡辺明夫、総作画監督：岩崎たいすけ/西澤真也、美術監督：内藤健、色彩設計：日比野仁/渡辺康子、撮影監督：江上怜、編集：松原理恵、音響監督：鶴岡陽太、音楽：神前暁','空白','暦物語',5,1),(18,'千菅春香、岡本信彦、櫻井孝宏、藤原夏海、伊瀬茉莉也、大塚芳忠','J.C.STAFF','【OP】遠藤正明「Vital」\r\n【ED】レイチェル(CV.千菅春香)「Pray」','監督：鈴木健太郎、シリーズ構成：藤岡美暢、キャラクターデザイン・総作画監督：松元美季、美術監督：魏斯曼、色彩設計：田辺香奈、撮影監督：高橋昭裕、編集：近藤勇二、音響監督：岩浪美和、音響効果：小山恭正、音楽：ノイジークローク、音楽制作：ランティス','ビルの地下の最下層で目を覚ました少女、レイチェル。 彼女は記憶を失い、自分がどうしてここにいるかさえ分からずにいた。 地上を目指し、ビルの中をさまよう彼女の前に現れたのは、顔を包帯で覆い、死神のような鎌を持った殺人鬼ザック。 「お願いがあるの…お願い、私を殺して」 「一緒にここから出る手助けをしてくれよ。そしたらお前を、殺してやるよ」 二人の奇妙な絆は、その\"\"誓い\"\"をキッカケに深まっていく。 果たして、ここはどこなのか。二人は何の目的で閉じこめられたのか。 彼らを待ち受ける運命とは。 密閉されたビルから脱出する二人の決死行がはじまった……！','殺戮の天使',5,8),(19,'空白','ファンワークス','空白','監督：徳永真利子、演出：ウチヤマユウジ/高嶋友也、音楽：羽深由理、制作著作：NHK/ファンワークス、制作：NHKエンタープライズ','空白','ざんねんないきもの事典',5,14),(20,'高梨謙吾、大森日雅、鬼頭明里、石川界人','ラルフ','【OP】petit milady「360°星のオーケストラ」\r\n【ED】山崎エリイ「Starlight」','監督：仁昌寺義人、シリーズ構成：吉岡たかを、キャラクターデザイン・総作画監督：山本由美子','かつて世界的人気を博したMMORPG≪ユニオン≫で伝説となった小学生パーティ「スバル」。しかし、ゲームオーバーとなった旭姫は現実でも同時に死亡してしまう。≪ユニオン≫は運営停止となり「スバル」のメンバーも散り散りになった。それから6年後── 。新生≪リユニオン≫にログインした高校生の陽翔は、そこで死んだはずの幼なじみ・旭姫と再会する。彼女は電子の幽霊なのか、それとも…？','七星のスバル',3,1),(21,'小山百代、三森すずこ、富田麻帆、佐藤日向、岩田陽葵、小泉萌香、相羽あいな、生田輝、伊藤彩沙','キネマシトラス','【OP】スタァライト九九組「星のダイアローグ」','監督：古川知宏、副監督：小出卓史、シリーズ構成：樋口達人、キャラクターデザイン：齊田博之、プロップデザイン：高倉武史/谷紫織、グラフィックデザイン：濱祐斗/山口真生、色彩設計：吉村智恵、美術監督：秋山健太郎/福田健二、3D監督：秋元央、3D舞台照明：カミヤヒサヤス、撮影監督：出水田和人、編集：黒澤雅之、音響監督：山田陽、音楽：藤澤慶昌/加藤達也、戯曲脚本・劇中歌作詞：中村彼方','『スタァ』――それは舞台の中心、「ポジション・ゼロ」に煌めく光。 心を震わせる歌声で、 躰が動きだす踊りで、 魂を揺さぶる演技で観る者を魅了する、舞台に咲き誇る華。 スタァに魅入られた『舞台少女』たちは、 夢の舞台に立つために演劇の学び舎『聖翔音楽学園』に集う。 愛城華恋。 天堂真矢。 星見純那。 露崎まひる。 大場なな。 西條クロディーヌ。 石動双葉。 花柳香子。 そして――神楽ひかり。 9人の舞台少女に突然届いた謎のメール。 「お持ちなさい――あなたの望んだその星を」 それは『トップスタァ』の座をかけた、オーディションへの誘い。 同じ舞台にたつ仲間は、星を奪い合うライバルとなった。 剥き出しの情熱が、 愛ゆえの傲慢が、 譲れない執着が、舞台の上で激突し―― 関係が、感情が、主役と敵役が、 緞帳が上がるたびに再生産されてゆく。 9人の舞台少女たちの、キラめきをかけた『レヴュー』。 「いつか、あの子と戦うことになっても――」 運命に導かれた舞台が、今――幕を開ける。','少女☆歌劇 レヴュースタァライト',3,5),(22,'鈴木愛奈、大森日雅、久保田未夢、小坂井祐莉絵、小見川千明、佐々木李子、飯田里穂、原奈津子、荒浪和沙、寺田御子\r\n','ノーマッド','【OP】邪神★ガールズ「あの娘にドロップキック」\r\n【ED】三浦祐太朗「Home Sweet Home！」','監督：佐藤光、製作総指揮：夏目公一朗、シリーズ構成：筆安一幸、脚本：筆安一幸/村上桃子、キャラクターデザイン・総作画監督：古賀誠、色彩設計：野口幸恵、音楽：栗原悠希/神馬譲、音響監督：今泉雄一、音響制作：エスタ―セブン','開始時期：2018年夏放送日：2018年7月9日～\r\n制作会社：ノーマッド ジャンル：コメディ\r\n声優： 鈴木愛奈、大森日雅、久保田未夢、小坂井祐莉絵、小見川千明、佐々木李子、飯田里穂、原奈津子、荒浪和沙、寺田御子\r\nスタッフ： 監督：佐藤光、製作総指揮：夏目公一朗、シリーズ構成：筆安一幸、脚本：筆安一幸/村上桃子、キャラクターデザイン・総作画監督：古賀誠、色彩設計：野口幸恵、音楽：栗原悠希/神馬譲、音響監督：今泉雄一、音響制作：エスタ―セブン閉じる\r\n魔界の悪魔、通称「邪神ちゃん」は、 ある日突然人間界に召喚されてしまう。 彼女を召喚したのは、神保町のボロアパートで暮らす ちょっとブラックな心を持つ女子大生「花園ゆりね」。 「邪神ちゃん」を召還したものの 彼女？を魔界に帰す方法がわからない。 仕方なく一緒に暮らし始めた邪神ちゃんと「ゆりね」だが、 「邪神ちゃん」曰く、「召喚者が死ねば魔界に帰れる」。 そこで邪神ちゃんがとった行動とは……!?','邪神ちゃんドロップキック',1,4),(23,'本多啓吾、歩サラ、小花モモコ、秋本ねりね\r\n','空白','葉月さき「コイノアナ」','監督：ジンキトモシヨ、脚本：ジンキトモシヨ、キャラクターデザイン：うるし原智志、音響制作：スタジオマウス、音響監督：えのもとたかひろ','天井が抜けて､2階から女の子が落ちてきた!? ボロアパートに住む俺の､唯一の癒しは､美人な大家さんと可愛い2階の子｡ そんなある日､天井が軋む音がして…バキッ!と底抜け､俺の真上に､2階のあの子が降ってきて…っ!? 奇跡のエロハプニングで､偶然つながるココロとカラダ｡ そして､なぜか始まる美女2人との共同生活!? 一つ屋根の下､濃密すぎる三角関係の行く末は…!?','じょしおちっ！～2階から女の子が…降ってきた!?～',3,5),(24,'梶裕貴、石川由依、井上麻里奈、下野紘、小林ゆう、三上枝織、藤田咲、細谷佳正、橋詰知久、谷山紀章、嶋村侑、津田健次郎、朴璐美、小野大輔、神谷浩史、子安武人\r\n','WIT STUDIO','OP「Red Swan」（第38話 - ）\r\n作詞・作曲・編曲 - YOSHIKI / 歌 - YOSHIKI feat. HYDE[34]\r\nED 「暁の鎮魂歌」（第39話 - ）\r\n作詞・作曲・編曲 - Revo / 歌 - Linked Horizon','総監督：荒木哲郎、監督：肥塚正史、助監督：田中洋之、シリーズ構成：小林靖子、キャラクターデザイン：浅野恭司、サブキャラクターデザイン：山田歩、総作画監督：浅野恭司/門脇聡、アクション作画監督：今井有文/世良悠子/胡 拓磨、美術設定：谷内優穂、巨人設定：千葉崇明、ビジュアルコンセプト：森山洋、プロップデザイン：胡拓磨、色彩設計：橋本賢、美術監督：吉原俊一郎、3DCG監督：廣住茂徳、3DCGプロデューサー：籔田修平、撮影監督：山田和弘、編集：肥田文、音響監督：三間雅文、音響効果：倉橋静男、音響制作：テクノサウンド、音楽：澤野弘之、アニメーションプロデューサー：中武哲也','炎の水、氷の大地、砂の雪原……。 本の中に書かれた言葉は、 少年の探究心をかき立てるものばかりだった。 やがて時が過ぎ、壁が巨人によって壊された現在、 人類は一歩ずつ世界の真実へと近づこうとしている。 巨人の正体は何なのか？ 何故、壁の中に巨人が埋まっていたのか？ 巨人化したエレン・イェーガーが持つ「座標」の力とは？ そして、ヒストリア・レイスはこの世界の何を知るのか？ エレンら104期兵を加え、新たな体制となったリヴァイ班。 行動を開始した彼らの前に、最強最悪の敵が立ち塞がる。','進撃の巨人 Season 3',3,3),(25,'古田新太、入野自由、日髙のり子、野中藍、森川智之、石田彰、櫻井孝宏\r\n','ぴえろプラス','空白','監督：細川徹、副監督：山本天志、構成：細川徹、キャラクターデザイン：和田高明、美術監督：東潤一、色彩設計：月舘純子、撮影監督：浅川茂輝、編集：佐々木紘実、音楽：末廣健一郎/眞鍋昭大、音楽制作：テレビ東京ミュージック/エイベックス・ピクチャーズ、音響監督：菊田浩巳、音響制作：楽音舎','「これでいいのだ！」でお馴染みバカボンのパパとそのファミリーに加え、本官やレレレのおじさん、ウナギイヌまで、超個性的な面々が、舞台を現代に変えてやりたい放題！ 赤塚不二夫没後10年にあたる2018年、“深夜”に繰り広げられる「バカボン」の新境地が、いよいよ幕を開ける！','深夜！天才バカボン',1,4),(26,' 佐藤利奈、喜多村英梨、佐倉綾音、高森奈津美、瀬戸麻沙美、宮本侑芽、伊藤静、茅野愛衣','SILVER LINK.','【OP】中島愛「Bitter Sweet Harmony」\r\n【ED】下地紫野「そんなの僕じゃない。」','総監督：大沼心、監督：湊未來、助監督：井上圭介、シリーズ構成：志茂文彦、キャラクターデザイン：平田和也、音楽：川田瑠夏、音楽制作：フライングドッグ','見た目のせいで男扱いされてこなかった椎名亜樹は、自分を変えようと中学校入学を機に東京へ出てすのはら荘に入寮する。 そこで亜樹を待っていたのは、天然でいたずら好きなすのはら荘の管理人さん・春原彩花に心も体もかわいがられる毎日だった。さらに、ほかの同居人も全員年上の女の子で…。','すのはら荘の管理人さん',3,5),(27,' 小川夏実、丸山智行、佐野康之、藤原貴弘、落合弘治、田中英樹、ブリドカットセーラ恵美、堀越富三郎','W.BABA / P.I.C.S.','空白','監督：中尾浩之/YOON Yoo-Byung、脚本：中尾浩之、キャラクターデザイン：グリヒル、音楽：戸田信子/陣内一真、企画：トムス・エンタテインメント、協力：トムス・ジーニーズ','空白','スペースバグ',3,14),(28,'八代拓、立花慎之介、蒼井翔太、梶裕貴、浪川大輔、羽多野渉\r\n','トムス・エンタテインメント','【OP】「antique memory」\r\n作詞 - eNu / 作曲 - 小野貴光 / 編曲 - 玉木千尋 / 歌 - ブラウン・ベス（八代拓）、シャルルヴィル（立花慎之介）、スプリングフィールド（蒼井翔太）、ケンタッキー（梶裕貴）\r\n【ED】「BLACK MATRIX」\r\n作詞 - 智 / 作曲 - Tohya / 編曲・歌 - vistlip','監督：カサヰケンイチ、シリーズ構成：あおしまたかし、キャラクターデザイン：まじろ、音楽：高木洋','「僕だけの絶対高貴を、君に。」 核戦争により全世界が荒廃した、そののちの時代――。 世界帝府による絶対的な統治のもと、人々はすべてを統制され、自由を奪われた世界を生きていた。 しかし、あらゆる武力をもつことが禁じられるなか、世界帝の独裁を打ち破らんと密かに抗戦を続けるレジスタンスがいた。 彼らは美術品として残されていた「古銃」を手に、戦いを挑む。 そしてその魂に呼応するかのように現れた古銃の化身「貴銃士」たち。 気高く、華麗に戦う彼らの「絶対高貴」は、世界にひとすじの希望をもたらす――！ 生命（いのち）を得て生き生きと輝く若き貴銃士たちの日々。 笑い、泣き、喜び、迷い、時に傷つきながらも、ひたむきに自らの「絶対高貴」を追い求めて戦う美しき若者たちの物語。 俺たちは何のために戦い、何を守るべきなのか――。Be Noble！','千銃士',3,10),(29,'上村祐翔、梅原裕一郎、島﨑信長、相坂優歌、中田譲治、杉田智和、下野紘、関俊彦、佐藤利奈、長縄まりあ、白石晴香、藤田茜、柳田淳一、黒田崇矢、内田真礼、興津和幸、村瀬歩、浜田賢二、嶋村侑、佐藤正治、土師孝也、島本須美、鳥海浩輔、佐倉綾音、高乃麗、村上幸平、根谷美智子','ランドック・スタジオ','緒方凱(CV.上村祐翔)「サダメゴト」','原作：雨宮慶太/井上敏樹/木根ヲサム「月刊ヒーローズ」連載、原作漫画：木根ヲサム、総監督：池添隆博、監督：中智仁、シリーズ構成：井上敏樹、キャラクターデザイン：中嶋敦子、美術監督：明石聖子、色彩設計：佐々木雅人、3DCGディレクター：木村明彦/磯部兼士、音響監督：亀山俊樹、音楽：中川幸太郎、アニメーションプロデュース：DLE/Production I.G','空白','ソードガイ The Animation パートII',3,2),(30,'小野賢章、櫻井孝宏、小桜エツコ、小松未可子、木村昴、石川界人、小清水亜美','OLM','オープニングテーマ「Starting Over」（第1話 - ）\r\n作詞・作曲 - 新井弘毅 / 編曲 - 新井弘毅、トオミヨウ / 歌 - DISH//\r\nエンディングテーマ「少年の僕へ」（第1話 - ）\r\n作詞・作曲 - 堀江晶太 / 編曲 - 堀江晶太、PENGUIN RESEARCH / 歌 - PENGUIN RESEARCH','監督：須藤典彦、シリーズ構成：広田光毅、音響監督：松岡裕紀、音楽：朝倉紀行、キャラクターデザイン：村上李香','ゾイド！それは金属の肉体と、動物の本能、闘争心を持ち、生態系の頂点に立つ、最強生命体である！ゾイドと人間が究極の絆を結んだ時、秘められた力が覚醒する！その名は……ワイルドブラスト！','ゾイドワイルド',3,2),(31,'大空直美、小見川千明、本渡楓、大地葉、篠田みなみ、皆口裕子、間島淳司、飛田展男','ディオメディア','【OP】三谷裳ちお(CV.大空直美)野々村真奈菜(CV.小見川千明)細川雪(CV.本渡楓)\r\n【ED】三谷裳ちお(CV.大空直美)野々村真奈菜(CV.小見川千明)','監督：稲垣隆行、シリーズ構成：稲垣隆行、キャラクターデザイン：松本麻友子','自称「中の下」を行く女子高生のちおちゃんことちおは、自宅から学校まで徒歩通学している。しかしその登校途中には、思わぬ通行止め、微妙な距離感の同級生との遭遇から、道をふさぐ暴走族、そして尿意……などなど、あらゆる障害が待ち受ける。ちおちゃんは今朝も無事遅刻せずに登校できるのか…!?','ちおちゃんの通学路',1,4),(32,'森川智之、羽多野渉、島﨑信長、八代拓、西山宏太朗、小山力也、濱野大輝、江口拓也、石田彰、河西健吾、青柳尊哉、沢城千春、寺島拓篤、前田玲奈、宮内敦士、津田健次郎、浪川大輔、大塚明夫、津嘉山正種、萩原聖人、川平慈英','マッドハウス','【OP】ゲスの極み乙女。「颯爽と走るトネガワ君」\r\n【ED】竹原ピストル「隠岐手紙」','監督：川口敬一郎、シリーズ構成：広田光毅、キャラクターデザイン・総作画監督：髙田晴仁、色彩設計：大野春恵、編集：塚常真理子、音響監督：小泉紀介、音響制作：HALF H・P STUDIO、音楽：山田高弘','帝愛グループ会長・兵藤和尊の命で、債務者たちによる 「死のゲーム」の企画を任された幹部・利根川幸雄!! 早速、企画会議を開く利根川を待っていたのは、受難‥!! 煩悶‥!!そして絶望‥!! 会長と黒服の間で苦悩する利根川を描く、悪魔的スピンオフ、アニメ化始動････!!','中間管理録トネガワ',1,4),(33,' 榎木淳弥、小松未可子、櫻井孝宏、奈良徹、仲野裕、平川大輔、明坂聡美、井口裕香、片岡愛之助','テレコム・アニメーションフィルム','【OP】MIYAVI vs シシド・カフカ\r\n【ED】倉木麻衣','監督：むらた雅彦、シリーズ構成：下山健人、キャラクターデザイン：谷野美穂/吉沼裕美、美術監督：村本奈津江、色彩設計：岡亮子、撮影監督：蒲原有子、音響監督：えびなやすのり、音楽：佐藤五魚、制作：トムス・エンタテインメント','江戸は深川、仲町にて損料屋・出雲屋を営む、お紅と清次という姉弟がいた。損料屋というのは、日用品から骨董品、そして美術品とありとあらゆる品をいくらかで客に貸し出す商いのこと。ただこの出雲屋が取り扱う道具たちが、他の店のものと一味も二味も違うのは、作られてから百年以上が過ぎ、魂を宿した「つくもがみ」という一種の妖のようなものになってしまっているところ。お客の元に貸し出されては、色々な話を聞いて来て、噂話を繰り広げる「つくもがみ」たち。人が良く情け深いお紅と清次は、そんな「つくもがみ」たちの力を借りながらこの町で起こる大小さまざまな騒動を解決していく。江戸の町に花開く「つくもがみ」と人間たちとが織り成す悲喜こもごもの人情噺、 骨の髄までとくとご堪能あれ―――。','つくもがみ貸します',3,1),(34,' 上村祐翔、櫻井孝宏、堀内賢雄、森なな子、小林裕介、武内駿輔、間島淳司、高橋李依、田所陽向、津田健次郎、子安武人、大原さやか、飛田展男','ピーエーワークス','【OP】岸田教団&THE明星ロケッツ「シリウス」\r\n【ED】sajou no hana「星絵」','監督：安藤真裕、シリーズ構成：小柳啓伍、アニメーションキャラクターデザイン・総作画監督：松浦麻衣/佐古宗一郎、コンセプトデザイン：竹内志保、アクション監督：佐藤雅弘、美術監督：東潤一/佐藤歩、撮影監督：出水田和人、編集：高橋歩、色彩設計：菅原美佳、3D監督：桐谷太力、音楽：横山克、音響監督：明田川仁、プロデュース：infinite','昭和初期、帝都 東京府。楽器ケースを抱えた奇妙な一団が、東京駅に降り立った。彼らは、吸血鬼たちを狩るためにやってきた「狩人」――。そのなかに一際静かでただならぬ雰囲気を漂わせる青年がいた。狼と人間との混血で、吸血鬼に故郷を滅ぼされたその男、名をユーリィという。「天狼の匣」と呼ばれる聖櫃を巡り、吸血鬼と死闘を繰り広げるユーリィたち。彼らが戦いの果てに知り得た真実とは……？','天狼 Sirius the Jaeger',3,3),(35,' 天﨑滉平、広瀬ゆうき、興津和幸、山下大輝、御堂ダリア、新井里美、伊藤静、チョー、赤﨑千夏、杉田智和、植田佳奈、武虎、大塚芳忠','J.C.STAFF','【OP】sora tob sakana「New Stranger」\r\n【ED】やくしまるえつこ「放課後ディストラクション」','監督：山川吉樹、シリーズ構成：浦畑達彦、キャラクターデザイン：桑波田満、CGディレクター：鈴木勇介、キャラクターモデルディレクター：関戸惠理、美術監督：鈴木朗、色彩設計：木村美保、撮影監督：福世晋吾、編集：坪根健太郎、音響監督：明田川仁、音楽：下村陽子、音響制作：マジックカプセル、CGIプロデューサー：榊原智康、CGI：SMDE、アニメーション制作統括：松倉友二、ゲーム収録：高田馬場ゲームセンター ミカド、ゲーム考証・監修：石黒憲一','俺より強いGIRLに会いに行く──。「ポリゴン」って何？食えんの？そんな2D全盛期だった古き良き格ゲーブーム到来の1991年。ヤンキーとオタクとリーマンが蔓延る場末のゲーセンに、彼女は凛として座していた──。','ハイスコアガール',1,5),(36,'富田健太郎、溝口琢矢、杉田智和、蒼井翔太、櫻井孝宏、鳥海浩輔、石原壮馬、猪塚健太','Tomovies','【OP】DearDream「LOVE YOUR LIFE」','監督：高嶋友也、シリーズ構成：宇佐義大、キャラクターデザイン：小田ハルカ、脚本：熊本浩武、美術：Tomovies、撮影：Ami Nakazawa、デザインワークス：BALCOLONY.、音楽：R・O・N、音楽制作：ランティス、音響監督：浦狩裕樹、音響スタジオ：HALF H・P STUDIO','空白','働くお兄さん！の２！',4,14),(37,' 花澤香菜、前野智昭、小野大輔、井上喜久子、長縄まりあ、櫻井孝宏、早見沙織、岡本信彦、M・A・O、千葉翔也、能登麻美子','デイヴィッドプロダクション','【OP】赤血球(CV.花澤香菜)白血球(好中球)(CV.前野智昭)キラーT細胞(CV.小野大輔)マクロファージ(CV.井上喜久子)「ミッション！健・康・第・イチ」\r\n【ED】ClariS「CheerS」','監督：鈴木健一、シリーズ構成：柿原優子、脚本：柿原優子/鈴木健一、キャラクターデザイン：吉田隆彦、細菌キャラクターデザイン・プロップデザイン・アクション作画監督：三室健太、サブキャラクターデザイン：玉置敬子、総作画監督：吉田隆彦/玉置敬子、美術監督：アトリエPlatz、美術設定：曽野由大/橋口コウジ、色彩設計：水野愛子、撮影監督：大島由貴、3DCG監督：中島豊、編集：廣瀬清志、音響監督：明田川仁、音響制作：マジックカプセル、音楽：末廣健一郎/MAYUKO、プロデュース：高橋祐馬、アニメーションプロデューサー：若松剛','これはあなたの物語。あなたの体内(からだ)の物語──。人の細胞の数は、およそ37兆2千億個。細胞たちは体という世界の中、今日も元気に、休むことなく働いている。体に襲いかかるウイルスや細菌には徹底抗戦！　そこには知られざる細胞たちのドラマがあった。','はたらく細胞',3,11),(38,'花澤香菜、久野美咲、花守ゆみり、花江夏樹、洲崎綾、石川界人、井上喜久子\r\n','Ezo\'la','【OP】ナナヲアカリ「ワンルームシュガーライフ」\r\n【ED】ReoNa「SWEET HURT」','総監督：草川啓造、監督：長山延好、シリーズ構成：待田堂子、キャラクターデザイン：安田祥子、美術監督：谷地清隆、色彩設計：松原陽子、撮影監督：伊藤康行、編集：岡祐司、音響監督：立石弥生、音楽：亀山耕一郎','松坂さとうには、好きな人がいます。その人と触れ合うと、とても甘い気持ちになるのです。 きっとこれが「愛」なのね。彼女はそう思いました。この想いを守るためなら、どんなことも許される。騙しても犯しても奪っても殺してもいいと思うの。','ハッピーシュガーライフテレビアニメ',5,8),(39,'大和田仁美、島袋美由利、三村ゆうな、小原好美、伊瀬茉莉也、茅野愛衣、下田麻美、櫻庭有紗、岡本信彦、小松未可子、大原さやか','ライデンフィルム','【OP】YURiKA「ふたりの羽根」\r\n【ED】大原ゆい子「ハイステッパー」','監督：江崎慎平、シリーズ構成：岸本卓、キャラクターデザイン：木村智、総作画監督：飯野まこと、美術監督： 井上一宏、色彩設計：辻田邦夫、撮影監督：野澤圭輔、3DCG：フェリックスフィルム、音響監督：若林和弘、音楽：加藤達也','運動神経抜群だが、 なぜかバドミントンを避ける 1年生「羽咲綾乃」。 日本一を目指し、 日夜練習に明け暮れる 3年生の「荒垣なぎさ」。 部を支える仲間やコーチ、 そして個性溢れるライバルたち。 超高速で舞う羽根（シャトル）に 想いを乗せて、 青春バドミントンストーリー開幕！！','はねバド！',3,7),(40,' 優木かな、宮下早紀、種﨑敦美、末柄里恵、島袋美由利、伊藤かな恵、木村千咲','C2C','【OP】大空遥(CV.優木かな)比嘉かなた(CV.宮下早紀)「FLY two BLUE」\r\n【ED】大空遥(CV.優木かな)比嘉かなた(CV.宮下早紀)トーマス・紅愛(CV.種﨑敦美)トーマス・恵美理(CV.末柄里恵)「Wish me luck!!!!」\r\n','監督：窪岡俊之、助監督：髙橋英俊、シリーズ構成・脚本：待田堂子、キャラクターデザイン：小田武士、サブキャラクターデザイン・衣装デザイン：山田真也、総作画監督：小田武士/津幡佳明/松川哲也、特技監督：池下博紀/千葉茂、メインアニメーター：松尾信之/宝井俊介、プロップデザイン：水村良男、美術設定：杉山晋史、美術監督：一色美緒、背景：スタジオワイエス、色彩設計：勝田綾太、画面設計・3Dディレクター：向純平、撮影監督：桑良人、撮影：スタジオシアン、編集：柳圭介、音響監督：藤田亜紀子、音響制作：HALF H・P STUDIO、音楽：ラスマス・フェイバー、音楽制作：KADOKAWA','東京から沖縄に引っ越してきた高校2年生、大空遥。いつでも明るく前向きな遥だが、彼女にはコンプレックスがあった。それは普通の女の子より身長が高いこと。一方、遥を空港に迎えに来た彼女と同い年の従姉妹、比嘉かなたにも悩みがあった。かなたは身長が伸びなかったせいで、大好きなビーチバレーを諦めてしまった過去を持つ。そんな凸凹な2人が、ふとしたきっかけでビーチバレーのペアを組むことに……。広い砂のコートに味方はたった1人だけ。何よりもパートナーの存在が大切なビーチバレーで、2人はどんなプレーを見せるのか!? 真夏の太陽が照りつける沖縄のビーチで、今、少女たちの汗と情熱が輝き始める!!\r\n\r\n','はるかなレシーブ',3,7),(41,'島﨑信長、菅生隆之、島田敏、小山力也、江口拓也、銀河万丈、子安武人、津田健次郎、茶風林、二又一成、麦人、川原慶久、雨宮天、古谷徹、大塚明夫','トムス・エンタテインメント','【OP】GRANRODEO「BEASTFUL」\r\n【ED】田所あずさ「RESOLVE」\r\n','監督：平野俊貴、シリーズ構成：浦畑達彦、キャラクターデザイン：鈴木藤雄、色彩設計：宮脇裕美、美術監督：河野次郎/大石ノリコ、撮影監督：野口龍生、編集：佐野由里子、音楽：藤澤健至、音響監督：浦上靖之/浦上慶子','板垣恵介さんが「週刊少年チャンピオン」（秋田書店）にて1991年より連載中の人気格闘マンガで、地下闘技場の最年少チャンピオン・範馬刃牙とさまざまな格闘技の達人たちとの戦いを描く。累計発行部数は7,000万部を突破、過去にはOVAやTVアニメが制作されている。現在までにコミックス全123巻+番外編3巻のほか、数多くのスピンオフを展開。 新しいテレビシリーズは、2001年にアニメ化された第1部「グラップラー刃牙」の続編である第2部「バキ」の「最凶死刑囚編」から描かれる。地下闘技場の最年少チャンピオンである主人公・範馬刃牙（はんま バキ）と “地上最強の生物”と呼ばれる父・範馬勇次郎（はんま ゆうじろう）との壮絶な死闘を軸に様々な格闘士たちの闘いを描いた大人気格闘漫画シリーズ、その第二部「最凶死刑囚編」のTVアニメは2018年夏に放送となる。監督は平野俊貴さん、シリーズ構成は浦畑達彦さん、キャラクターデザインは鈴木藤雄さん、制作会社はトムス・エンタテインメントが担当。','バキ',3,3),(42,'小野大輔、日野聡、興津和幸、貫井柚佳、前田佳織里、赤尾ひかる、藤原啓治','J.C.STAFF','【OP】ゴクドルズ虹組「ゴクドルミュージック」','監督：今千秋、シリーズ構成：山川進、作画監督：梶谷光春、音響制作：マジックカプセル、音響監督：明田川仁、音楽：月蝕會議、音楽制作：ユニバーサルミュージック/EMI Records','極道を貫いてきた男たちが、まさかのアイドルデビュー！ しかも裏路地アイドルとして人気急上昇!! でも降りかかる様々な理不尽!!筋の通った生き方をしたいけど‥‥!?','Back Street Girls－ゴクドルズ－',1,4),(43,'内田雄馬、野島健児、平田広明、石塚運昇、古川慎、細谷佳正、川田紳司、福山潤、森川智之、千葉翔也、斉藤壮馬、上田燿司、小形満、村瀬歩','MAPPA','【OP】Survive Said The Prophet「found & lost」\r\n【ED】King Gnu「Prayer X」','監督：内海紘子、シリーズ構成：瀬古浩司、キャラクターデザイン：林明美、総作画監督：山田歩/鎌田晋平、ハードボイルド監修：久木晃嗣、色彩設計：鎌田千賀子、美術監督：水谷利春、撮影監督：淡輪雄介、編集：奥田浩史、音楽：大沢伸一、音響監督：山田陽','ニューヨーク。並外れて整った容姿と、卓越した戦闘力を持つ少年・アッシュ。ストリートギャングを束ねる彼は手下に殺された男が死ぬ間際に“バナナフィッシュ”という謎の言葉を発するのを聞く。時を同じくして、カメラマンの助手として取材にやってきた日本人の少年・奥村英二と出会う。二人はともに“バナナフィッシュ”の謎を追い求めることに──。','BANANA FISH',5,3),(44,'戸山香澄 愛美\r\n花園たえ 大塚紗英\r\n牛込りみ 西本りみ\r\n山吹沙綾 大橋彩香\r\n市ヶ谷有咲 伊藤彩沙\r\n \r\n湊友希那 相羽あいな\r\n氷川紗夜 工藤晴香\r\n今井リサ 中島由貴\r\n宇田川あこ 櫻川めぐ\r\n白金燐子 明坂聡美\r\n美竹蘭 佐倉綾音\r\n青葉モカ 三澤紗千香\r\n上原ひまり 加藤英美里\r\n宇田川巴 日笠陽子\r\n羽沢つぐみ 金元寿子\r\n弦巻こころ 伊藤美来\r\n瀬田薫 田所あずさ\r\n北沢はぐみ 吉田有里\r\n松原花音 豊田萌絵\r\nミッシェル／奥沢美咲 黒沢ともよ\r\n丸山彩 前島亜美\r\n氷川日菜 小澤亜李\r\n白鷺千聖 上坂すみれ\r\n大和麻弥 中上育実\r\n若宮イヴ 秦佐和子\r\n月島まりな 洲崎綾\r\n戸山明日香 尾崎由香','DMM.Futureworks 、ダブトゥーンスタジオ、サンジゲン\r\n','「ピコっと！パピっと！！ガルパ☆ピコ！！！」\r\n香澄×蘭×彩×友希那×こころ\r\n作詞：織田あすか（Elements Garden）\r\n作曲：末益涼太（Elements Garden）\r\n編曲：末益涼太（Elements Garden）','原作 ブシロード\r\n製作総指揮 木谷高明\r\nストーリー原案 中村 航\r\n総監督 森井ケンシロウ\r\nキャラクター原案 ひと和 　 Craft Egg\r\n監督 宮嶋星矢\r\nアニメーションキャラクターデザイン 宮嶋星矢\r\n音響監督 ひらさわひさよし\r\n音楽プロデューサー 上松範康 藤田淳平\r\nアニメーションプロデューサー 内海 洋 　 渡辺タスク　はなたかいち','バンドガール達の隠れた聖地、 ライブハウス「さーくる」を舞台に、 \r\nちっちゃくなったガルパのキャラ達が大活躍！\r\n期待の超新星「Poppin\'Party」、 \r\n頂点に咲き誇る蒼き薔薇「Roselia」、 \r\n幼馴染の王道ロック「Afterglow」、 \r\n華やかに彩るゆるふわアイドルバンド 「Pastel＊Palettes」、 \r\n世界中に笑顔をふりまく 「ハロー、ハッピーワールド！」のメンバーたちが \r\nライブハウスを盛り上げようと大暴れ！\r\n笑いあり涙ありハートフル（？） ガールズバンドコメディ！','BanG Dream! ガルパ☆ピコ',3,4),(45,'酒井広大、末柄里恵、伊達朱里紗、河瀬茉希、船戸ゆり絵、内田彩\r\n','EMTスクエアード','【OP】内田彩\r\n【ED】petit milady「世界中が恋をする夜」','監督： 小林浩輔、シリーズ構成：高橋ナツコ、キャラクターデザイン：いとうまりこ、総作画監督：いとうまりこ/谷津美弥子','戦乱の黎明世界「ユグドラシル」に迷い込んだ現代の少年、周防勇斗。弱肉強食、幾多の氏族が覇権を争うこの世界で、勇斗は現代知識を武器にわずか十六歳で数千もの軍勢を率いる宗主（パトリアーク）にまで昇り詰めていた！異世界で王になった少年と、盃の契りを結び彼に絶対の忠誠を誓う麗しき戦乙女たちが織りなす、爽快無双ファンタジークロニクル!!','百錬の覇王と聖約の戦乙女',3,1),(46,'花澤香菜、櫻井孝宏、岡本信彦、杉田智和、山下大輝、諏訪部順一、小山力也、石見舞菜香、小野友樹、堀江由衣、鳥海浩輔、乃村健次\r\n','ライデンフィルム','【OP】汪東城「Flowery Song」\r\n【ED】May\'n「HOME」\r\n','監督：森邦宏、シリーズ構成：丸戸史明/矢野俊策、ストーリー：丸戸史明、キャラクターデザイン：山下恵、クリーチャーデザイン：Zトン','舞台は現代、ロンドン。人間の不安や恐怖から「影」という人ならざるモノが生まれる世界…。 大学留学のためにやってきたひとりの少女は渡英早々、奇怪な事件に巻き込まれる。 知り合いのいない街で、彼女が助けを求め迷い込んだのは真夜中にひっそりと開いていた不思議な喫茶店。その名は「カフェ・フォービドゥン」－人と影の境界を守る番人たちが集う場所－','Phantom in the Twilight',3,8),(47,'阿部敦、丹下桜、植田佳奈、下屋則子、今村彩夏、真田アサミ、高乃麗、神谷浩史、鳥海浩輔、麦人、野中藍、安井邦彦、羽多野渉、水島大宙','シャフト','【OP】西川貴教「Bright Burning Shout」\r\n【ED】さユり「月と花束」','シリーズ構成：奈須きのこ、キャラクター原案：ワダアルコ、総監督：新房昭之、シリーズディレクター：宮本幸裕、キャラクターデザイン：滝山真哲/山村洋貴、アクションディレクター：三輪和宏、美術監督：望月卓磨、色彩設計：日比野仁、CG監督：高野慎也、撮影監督：会津孝幸、編集：松原理恵、音響監督：鶴岡陽太、音響制作：楽音舎、音楽：神前暁','それは、忘れ去られた月で開演(ひら)かれる\"EXTRA\"の物語。月に存在するあらゆる願いを叶える力を持った霊子コンピュータ「ムーンセル・オートマトン」。ムーンセル内につくられた霊子虚構世界「SE.RA.PH」。\"聖杯\"をかけた、魔術師(ウィザード)と英霊(サーヴァント)による、新たな月の聖杯戦争、開演。','Fate/EXTRA Last Encore イルステリアス天動説',3,1),(48,' 島﨑信長、鈴木達央、宮野真守、内山昂輝、豊永利行、木村良平、細谷佳正、野島健児、日野聡、代永翼、平川大輔、宮田幸季、鈴村健一、鈴木千尋、渡辺明乃、阿部敦、松岡禎丞、広橋涼、津田健次郎','京都アニメーション / アニメーションDo','【OP】OLDCODEX「Heading to Over」\r\n【ED】STYLE FIVE「GOLD EVOLUTION」','監督：河浪栄作、シリーズ構成：横谷昌宏、キャラクターデザイン・総作画監督：西屋太志、美術監督：笠井信吾、3D美術：鵜ノ口穣二、色彩設計：米田侑加、小物設定：秋竹斉一、撮影監督：髙尾一也、3D監督：柴田裕司、音響監督：鶴岡陽太、音楽：加藤達也、音楽制作：ランティス','「Free!」は第2回京都アニメーション大賞奨励賞受賞作「ハイ☆スピード！」を原案として生まれたTVアニメで、2013年7月より放送された。水泳をテーマに男子高校生たちの青春と絆を描いた物語と、京都アニメーションならではのハイクオリティなアニメーションが多くのファンの心を捉え、2014年7月より第2期が放送されるなど大人気となった。劇場版が2017年4月、7月、10月に劇場上映され、新作TVシリーズの制作、そして2018年夏の放送が発表されていた。 監督は河浪栄作さんが担当し、「Free!」（2013年7月）、 「Free!-Eternal Summer-」（2014年7月）、 「映画 ハイ☆スピード!－Free! Starting Days－」（2015年12月）、 「特別版 Free!-Take Your Marks-」（2017年10月）に続く、ファン待望のシリーズ最新作。','Free!-Dive to the Future-',3,7),(49,'阿部敦、原田彩楓、井澤詩織、小山力也、乃村健次、後藤沙緒里、梅原裕一郎、大和田仁美、渕上舞、菅原慎介、石上静香、興津和幸、清川元夢、若本規夫','J.C.STAFF','【OP】Minami「One Unit」\r\n【ED】渕上舞\r\n','監督：鈴木洋平、シリーズ構成・ネーム(脚本原案)・キャラクター原案：水上悟志、キャラクターデザイン：岩倉和憲/古木舞、メカデザイン：いづなよしつね/上津康義、プロップデザイン：磯本つよし、美術監督：奥村泰浩、色彩設計：石田美由紀、撮影監督：大河内喜夫、CG監督：平岡正浩、編集：近藤勇ニ、音響監督：岩浪美和、音楽：田中公平、音楽制作：ランティス','「おれは、おれが味方したい人達の味方だ。そんだけだ！」 過去の記憶を失いながらも、平穏に暮らしていた高校生・黒井宗矢。だがある日、 街は謎の巨大兵器「ネビュラウェポン」に突如襲われる。 猫のような姿をした「先生」とゴスロリ姿の銀子と共に、宗矢は戦いに巻き込まれる ことになったが_________なんと相手は街を護る7人のヒーローの方だった！ 宗矢の記憶に隠された戦う理由とは？','プラネット・ウィズ',3,2),(50,'ミッキーマウス\r\n青柳隆志\r\nミニーマウス\r\n遠藤 綾\r\nドナルドダック\r\n山寺宏一\r\nデイジーダック\r\n土井美加\r\nグーフィー\r\n島香 裕\r\nピート\r\n北川勝博\r\nクッコーロカ\r\n福井美樹\r\nビリー・ビーグル\r\n後藤光祐','空白','空白','Executive Producer\r\nROB LADUCA\r\nCo-Executive Producer and Supervising Story Editor\r\nMARK SEIDENBERG\r\nDirected by\r\nPHIL WEINSTEIN, BRONI LIKOMANOV\r\nLine Producer\r\nBRADLEY BOWLEN\r\nArt Director\r\nSY THOMAS\r\nMusic By\r\nBEAU BLACK and MIKE BARNETT\r\n日本語版制作\r\n翻訳\r\n末武明日香\r\n演出\r\n向山宏志\r\n音楽演出\r\n市之瀬洋一\r\n録音制作\r\n（株）東北新社\r\n','空白','ミッキーマウスとロードレーサーズ',3,14),(51,'村瀬歩、林勇、神谷浩史、柿原徹也、明坂聡美、河村梨恵、羽多野渉、斎賀みつき、野水伊織、太田哲治、天﨑滉平、上田燿司、小清水亜美、深川和征、池田恭祐','スタジオディーン','【OP】SCREEN mode「GIFTED」\r\n【ED】ORESAMA「ホトハシル」','監督：近藤信宏、脚本：鈴木やすゆき、キャラクターデザイン：河野紘一郎、総作画監督：只野和子/松下浩美、音楽：川﨑龍','人間に危害を加えたり、事件を起こす悪霊や死霊に対して刑を下し、 あの世へ送る能力を持つ 天才的な魔法律の執行人・ムヒョとその助手を務めるロージー。 彼らの元にはいつも霊に悩める人々が訪れていた。 そんなある日、 ムヒョの魔法律学校時代のライバル・円宙継(エンチュー)がムヒョの前に現れ、 壮絶な闘いの火ぶたを切る！','ムヒョとロージーの魔法律相談事務所',3,1),(52,'猪股慧士、嶺内ともみ、武田羅梨沙多胡、篠原侑、伊達忠智、立木文彦、西村知道、保志総一朗、伊藤静、つぶやきシロー','スタジオプラセボ','センゴク娘三人衆「YAKINIKU♥TABETAI」','監督：長井勝見、脚本・編集：長井勝見、企画・キャラクターデザイン：渡邊百香、作画：溝口広幸、美術：下井孝司、音響効果：安江史男、音楽：清川進也','大学生の大山ソウジは近所にある「焼肉店センゴク」に人生初のアルバイトの面接へ来ていた。早速おかしな歓迎に遭遇し…？','焼肉店センゴク',1,4),(53,'井口裕香、阿澄佳奈、日笠陽子、小倉唯、東山奈央、牧野由依、儀武ゆう子、七瀬彩夏、高尾奏音、山本亜衣\r\n','エイトビット','【OP】あおい(CV.井口裕香)ひなた(CV.阿澄佳奈)かえで(CV.日笠陽子)ここな(CV.小倉唯)「地平線ストライド」\r\n【ED】あおい(CV.井口裕香)ひなた(CV.阿澄佳奈)「色違いの翼」','監督：山本裕介、音響演出・シリーズ構成：山本裕介、脚本：ふでやすかずゆき、キャラクターデザイン・総作画監督：松尾祐輔、美術監督：田尻健一、美術設定：藤井一志、色彩設計：藤木由香里、撮影監督：佐藤洋、編集：内田恵、音響効果：出雲範子、音楽：yamazo/Tom-H@ck','女子高生たちによる登山を描いたアニメ作品。2013年1月～3月に放送された第1期シリーズは、5分枠のショートアニメながら連続したストーリー展開と心温まるエピソードが人気を博し、舞台となった埼玉県飯能市を中心に実施された聖地巡礼イベントも大盛況。2014年7月～12月に放送された第2期は、15分×2クールと大幅にスケールアップ。登山の楽しさだけでなく過酷さをも描いた内容は、ファンだけでなく登山愛好家からも高い評価を得ている。TVアニメの監督・音響演出・シリーズ構成を山本裕介さんが、脚本をふでやすかずゆきさんが、キャラクターデザイン・総作画監督：松尾祐輔さんが、そしてアニメーション制作はエイトビットが担当する。','ヤマノススメ サードシーズン',3,6),(54,'津田寛治、村井良大、平野良、石川由依、春名風花、須賀貴匡、野村修一、山崎直樹、竹井洋介、高山猛久、福田芽衣、田上真里奈、山口綾子、岸野聡子、沢井正棋、天乃舞衣子、今川碧海、とみたけ、佐々木舞香、野口衣織、鈴木聖奈、平野貴大、今城文恵、長谷川里桃、Sara、高島優毅','ILCA / DRAWIZ','【ED】奥村愛子「まやかし横丁」','演出：やながわ薫平、脚本：熊本浩武/佐々木充郭、作画：西川伸司/工藤稜/海老原優/森野達弥/かねさだ雪緒/あ可よろし/askam、企画：山川典夫/岩﨑拓矢、プロデューサー：細谷伸之/船田晃、アシスタントプロデューサー：松野明日香、制作ディレクター：杉本健一、制作プロデューサー：成田博之、制作アシスタント：釜井里佳/磯部知志、制作協力：パインズ/アカギ','2013年7月、「深夜に突然はじまる紙芝居ホラー」として、 都市伝説的な反響を呼んだ「闇芝居」第1期、2014年7月にはＪホラー界の巨匠らをゲスト監督に迎えて更なる恐怖演出を施した2期、2016年1月には100体を超える不気味なキャラクター達による恐怖を描いた3期、2017年1月には語り手となる紙芝居屋の“おじさん”に13人の超個性俳優を起用した4期、2017年7月には女性脚本家陣が手掛ける女流ホラーとして5期が放送された。そして、2018年7月、身近な自然現象を題材にした新たな「闇芝居」が語られる。 脚本を担当するのは、全シリーズに参加している熊本浩武さん、今作が初参加となる佐々木充郭さん、演出を担当するのは1期より制作を行うILCA、制作協力として、CGプロダクションの D RAWIZ が参加。','闇芝居(第6期)',2,8),(55,'木村はるか、鈴村健一、山下大輝、日野聡、立花慎之介、鈴木裕斗、花倉洸幸、宮崎遊','project No.9','【OP】moumoon「あふれる光」','監督：ひいろゆきな、シリーズ構成：高橋ナツコ、メインキャラクターデザイン：まじろ、音楽：高田雅史','突然、導かれた異世界。そこは「夢」が人々の生きる力となる「夢世界」だった。夢世界で主人公を迎えたナビはこう言う。この世界は今、人々の夢を喰らう「ユメクイ」という存在に脅かされている。世界を救うためには各国の王子達の力が必要である、と。ユメクイを倒すため、執事であるナビ、騎士の国・アルストリアのアヴィ王子と共に世界を巡ることになった主人公。夢世界で彼女を待ち受けるのは、どんな冒険か。そして、世界に夢を取り戻すことはできるのか。“正体不明の王子”の登場と共に、貴女の物語が今、動き出す…―','夢王国と眠れる100人の王子様',3,1),(56,'小野友樹、島袋美由利、鈴木絵理、高橋李依、加隈亜衣、小倉唯、原田彩楓、小松未可子、春野杏','ジーベック','【OP】春奈るな「桃色タイフーン」\r\n【ED】湯ノ花幽奈(CV.島袋美由利)宮崎千紗希(CV.鈴木絵理)雨野狭霧(CV.高橋李依)「Happen～木枯らしに吹かれて～」','監督：長澤剛、キャラクターデザイン 竹谷今日子、シリーズ構成：子安秀明、音響監督：明田川仁、音楽：菊谷知樹','肉体派霊能力者・冬空コガラシ。悪霊に取り憑かれて、大借金を背負わされた彼は家賃の安い部屋を求め、いわくつきの温泉宿・ゆらぎ荘へ下宿することに。そこにいたのは成仏できない女子高生地縛霊の幽奈さんをはじめ、常識では考えられない美少女ばかり。女性しかいないゆらぎ荘の住人から、入居を反対されるも、なんとか暮らし始めたコガラシだったが…。','ゆらぎ荘の幽奈さん',3,5),(57,'梶裕貴、茅野愛衣、森川智之、日野聡、東地宏樹、悠木碧、福圓美里、寺島拓篤、斎藤千和、諏訪部順一、三木眞一郎、堀江由衣、小林ゆう、佐藤利奈、石田彰、釘宮理恵、井上小百合','アスリード','【OP】May\'n「天使よ故郷を聞け」\r\n【ED】JUNNA「紅く、絶望の花。」','監督：菅沼栄治、シリーズ構成：鈴木雅詞、キャラクターデザイン：川村敏江','舞台は2030年東京。 突如、東京近郊一帯で高周波の共鳴音が観測され、同時に街は紅い霧に包まれる。 そして、その音を聞いたものは、動物、人問わず、意識を失ってしまう。 首都機能のマヒに伴い、政府は一時的に同機能を大阪に移転、この現象を正体不明のウィルスと予測し、さらなるエピデミックを懸念して、東京を封鎖する。 しかし、この『大共鳴』より６日後、意識を失っていた人々は何事もなかったかのように目を覚ます。 その後、封鎖都市・東京は徐々に街としての機能を取り戻していくが、その日を境に様々な「異常事件」が起こり始め、 人々は次第に、さらなる非日常へと浸食されていくこととなる。 そんな中、血に秘められた力を解き放ち『英血の器』へと目覚めゆく若者たち──。 彼らはお互いの力に引かれ、否応なしに出会い、心を通わせ、命を削り合う、過酷な運命の連環へと飲み込まれていく。','ロード オブ ヴァーミリオン 紅蓮の王',3,1),(58,'M・A・O、高橋李依、水瀬いのり','ゼロジー','「青空モーニンググローリー」（第0話 - ）\r\n作詞 - 稲葉エミ / 作曲・編曲 - 奥井康介 / 歌 - 花坂結衣（M・A・O）','プロデューサー：後藤裕/鈴木良兵、キャラクターデザイン・総作画監督：谷拓也、ストーリー原案：真野英二、脚本：霜井蒼星、総合演出：上田慎一郎、背景：アトリエPlatz、美術監督：高須賀真二/松本浩樹、美術設定：小山真由子、色彩設計：古川篤史、撮影監督：難波史、編集：徳田俊、音響監督：立石弥生、音響制作：神南スタジオ、音楽：山田知広、音楽制作：F・M・F','あなた（One）の部屋（Room）ではぐくむ3人の女の子たちとの物語。個性あふれる女の子たちとの甘く、楽しい日々があなたの視点から描かれます。','One Room セカンドシーズン',3,5),(59,'サンプル\r\n    ','        サンプル\r\n    ','        サンプル\r\n    ','        サンプル\r\n    ','サンプル\r\n    ','サンプル\r\n    ',2,2);
/*!40000 ALTER TABLE `animelist` ENABLE KEYS */;
UNLOCK TABLES;

--
-- Table structure for table `category`
--

DROP TABLE IF EXISTS `category`;
/*!40101 SET @saved_cs_client     = @@character_set_client */;
/*!40101 SET character_set_client = utf8 */;
CREATE TABLE `category` (
  `id` int(11) NOT NULL AUTO_INCREMENT,
  `name` varchar(100) DEFAULT NULL,
  PRIMARY KEY (`id`)
) ENGINE=InnoDB AUTO_INCREMENT=11 DEFAULT CHARSET=utf8;
/*!40101 SET character_set_client = @saved_cs_client */;

--
-- Dumping data for table `category`
--

LOCK TABLES `category` WRITE;
/*!40000 ALTER TABLE `category` DISABLE KEYS */;
INSERT INTO `category` VALUES (1,'笑いたいとき'),(2,'泣きたいとき'),(3,'感動したいとき'),(4,'癒されたいとき'),(5,'元気になりたいとき'),(6,'熱くなりたいとき'),(7,'ハラハラしたいとき'),(8,'可愛いキャラを見たいとき'),(9,'イケメンキャラを見たいとき'),(10,'何も考えず観たいとき');
/*!40000 ALTER TABLE `category` ENABLE KEYS */;
UNLOCK TABLES;

--
-- Table structure for table `comment`
--

DROP TABLE IF EXISTS `comment`;
/*!40101 SET @saved_cs_client     = @@character_set_client */;
/*!40101 SET character_set_client = utf8 */;
CREATE TABLE `comment` (
  `id` int(11) NOT NULL AUTO_INCREMENT,
  `comment_date` date NOT NULL,
  `content` longtext NOT NULL,
  `created_at` datetime NOT NULL,
  `name` varchar(255) NOT NULL,
  `updated_at` datetime NOT NULL,
  `animelist_id` int(11) NOT NULL,
  PRIMARY KEY (`id`),
  KEY `FKd21ev8nuf0yk0m70sjby0w1nm` (`animelist_id`)
) ENGINE=MyISAM AUTO_INCREMENT=14 DEFAULT CHARSET=utf8;
/*!40101 SET character_set_client = @saved_cs_client */;

--
-- Dumping data for table `comment`
--

LOCK TABLES `comment` WRITE;
/*!40000 ALTER TABLE `comment` DISABLE KEYS */;
INSERT INTO `comment` VALUES (1,'2018-08-09','a','2018-08-09 15:46:14','a','2018-08-09 15:46:14',59),(2,'2018-08-09','b','2018-08-09 15:51:38','b','2018-08-09 15:51:38',59),(3,'2018-08-09','c','2018-08-09 16:17:01','c','2018-08-09 16:17:01',59),(4,'2018-08-09','d','2018-08-09 17:41:59','d','2018-08-09 17:41:59',59),(5,'2018-08-09','d','2018-08-09 17:44:42','d','2018-08-09 17:44:42',59),(6,'2018-08-09','e','2018-08-09 17:45:07','e','2018-08-09 17:45:07',59),(7,'2018-08-09','e','2018-08-09 17:59:10','e','2018-08-09 17:59:10',59),(8,'2018-08-09','f','2018-08-09 18:12:14','f','2018-08-09 18:12:14',59),(9,'2018-08-09','f','2018-08-09 18:12:55','f','2018-08-09 18:12:55',59),(10,'2018-08-09','g','2018-08-09 18:13:59','g','2018-08-09 18:13:59',59),(11,'2018-08-09','g','2018-08-09 18:22:03','g','2018-08-09 18:22:03',59),(12,'2018-08-09','h','2018-08-09 18:30:04','h','2018-08-09 18:30:04',59),(13,'2018-08-09','i','2018-08-09 19:03:56','i','2018-08-09 19:03:56',59);
/*!40000 ALTER TABLE `comment` ENABLE KEYS */;
UNLOCK TABLES;

--
-- Table structure for table `genre`
--

DROP TABLE IF EXISTS `genre`;
/*!40101 SET @saved_cs_client     = @@character_set_client */;
/*!40101 SET character_set_client = utf8 */;
CREATE TABLE `genre` (
  `id` int(11) NOT NULL AUTO_INCREMENT,
  `name` varchar(100) DEFAULT NULL,
  PRIMARY KEY (`id`)
) ENGINE=InnoDB AUTO_INCREMENT=15 DEFAULT CHARSET=utf8;
/*!40101 SET character_set_client = @saved_cs_client */;

--
-- Dumping data for table `genre`
--

LOCK TABLES `genre` WRITE;
/*!40000 ALTER TABLE `genre` DISABLE KEYS */;
INSERT INTO `genre` VALUES (1,'SF/ファンタジー'),(2,'ロボット/メカ'),(3,'アクション/バトル'),(4,'コメディ/ギャグ'),(5,'恋愛/ラブコメ'),(6,'日常/ほのぼの'),(7,'スポーツ/競技'),(8,'ホラー/サスペンス/推理'),(9,'歴史/戦記'),(10,'戦争/ミリタリー'),(11,'ドラマ/青春'),(12,'ショート'),(13,'2.5次元舞台'),(14,'ライブ/ラジオ/etc.');
/*!40000 ALTER TABLE `genre` ENABLE KEYS */;
UNLOCK TABLES;

--
-- Table structure for table `users`
--

DROP TABLE IF EXISTS `users`;
/*!40101 SET @saved_cs_client     = @@character_set_client */;
/*!40101 SET character_set_client = utf8 */;
CREATE TABLE `users` (
  `id` int(11) NOT NULL AUTO_INCREMENT,
  `admin_flag` int(11) NOT NULL,
  `created_at` datetime NOT NULL,
  `delete_flag` int(11) NOT NULL,
  `name` varchar(255) NOT NULL,
  `password` varchar(64) NOT NULL,
  `updated_at` datetime NOT NULL,
  PRIMARY KEY (`id`),
  UNIQUE KEY `UK_3g1j96g94xpk3lpxl2qbl985x` (`name`)
) ENGINE=MyISAM DEFAULT CHARSET=utf8;
/*!40101 SET character_set_client = @saved_cs_client */;

--
-- Dumping data for table `users`
--

LOCK TABLES `users` WRITE;
/*!40000 ALTER TABLE `users` DISABLE KEYS */;
/*!40000 ALTER TABLE `users` ENABLE KEYS */;
UNLOCK TABLES;
/*!40103 SET TIME_ZONE=@OLD_TIME_ZONE */;

/*!40101 SET SQL_MODE=@OLD_SQL_MODE */;
/*!40014 SET FOREIGN_KEY_CHECKS=@OLD_FOREIGN_KEY_CHECKS */;
/*!40014 SET UNIQUE_CHECKS=@OLD_UNIQUE_CHECKS */;
/*!40101 SET CHARACTER_SET_CLIENT=@OLD_CHARACTER_SET_CLIENT */;
/*!40101 SET CHARACTER_SET_RESULTS=@OLD_CHARACTER_SET_RESULTS */;
/*!40101 SET COLLATION_CONNECTION=@OLD_COLLATION_CONNECTION */;
/*!40111 SET SQL_NOTES=@OLD_SQL_NOTES */;

-- Dump completed on 2018-08-16 17:04:42
